year_month,product,region,revenue,cost,profit
2014-01,Furniture,Central,76.728,130.4376,-53.7096
2014-01,Furniture,East,9.94,6.858599999999999,3.0814
2014-01,Furniture,South,2625.76,1858.0568000000003,767.7031999999999
2014-01,Office Supplies,Central,324.282,401.8054,-77.5234
2014-01,Office Supplies,East,19.536,14.652000000000001,4.884
2014-01,Office Supplies,South,668.79,382.90170000000006,285.88829999999996
2014-01,Office Supplies,West,19.44,10.1088,9.3312
2014-01,Technology,Central,31.2,21.45,9.75
2014-01,Technology,South,1147.94,830.1566,317.7834
2014-02,Furniture,Central,393.83,325.3371,68.4929
2014-02,Furniture,South,1256.22,1180.8468,75.3732
2014-02,Furniture,West,144.12800000000001,162.88920000000002,-18.761200000000002
2014-02,Office Supplies,Central,150.392,126.8646,23.5274
2014-02,Office Supplies,East,64.96,55.215999999999994,9.744
2014-02,Office Supplies,South,50.796,47.6138,3.1822
2014-02,Office Supplies,West,243.846,155.3369,88.5091
2014-02,Technology,Central,468.9,262.58399999999995,206.316
2014-02,Technology,East,115.36,65.7552,49.6048
2014-02,Technology,South,721.97,521.1859,200.7841
2014-03,Furniture,Central,1436.4270000000001,1686.5274,-250.1004
2014-03,Furniture,East,310.77,508.099,-197.32899999999998
2014-03,Furniture,West,2050.904,1941.4241,109.4799
2014-03,Office Supplies,Central,502.368,963.174,-460.806
2014-03,Office Supplies,East,607.032,403.9219,203.11010000000002
2014-03,Office Supplies,South,551.608,482.94599999999997,68.662
2014-03,Office Supplies,West,1321.634,1273.4508,48.1832
2014-03,Technology,East,647.1,431.18190000000004,215.91809999999998
2014-03,Technology,South,620.9300000000001,442.1256,178.8044
2014-04,Furniture,Central,5.47,3.1178999999999997,2.3521
2014-04,Furniture,East,326.874,457.64610000000005,-130.7721
2014-04,Furniture,South,1402.5600000000002,1037.4464,365.1136
2014-04,Furniture,West,1186.711,1062.7186,123.9924
2014-04,Office Supplies,Central,1044.306,926.6551,117.65090000000001
2014-04,Office Supplies,East,183.89399999999998,189.6452,-5.751199999999995
2014-04,Office Supplies,South,4972.55,4645.5609,326.9891
2014-04,Office Supplies,West,520.97,359.0863,161.8837
2014-04,Technology,Central,758.352,492.92879999999997,265.4232
2014-04,Technology,East,116.784,94.887,21.897
2014-04,Technology,South,2729.7400000000002,2046.7437000000002,682.9962999999999
2014-04,Technology,West,2792.6,2205.578,587.0219999999999
2014-05,Furniture,Central,1441.731,1593.6843999999999,-151.9534
2014-05,Furniture,East,2144.051,2275.7545,-131.70350000000002
2014-05,Furniture,West,268.964,232.96839999999997,35.995599999999996
2014-05,Office Supplies,Central,278.972,405.7978,-126.82579999999999
2014-05,Office Supplies,East,160.218,114.3333,45.8847
2014-05,Office Supplies,South,246.57,156.0898,90.4802
2014-05,Office Supplies,West,551.266,338.77049999999997,212.4955
2014-05,Technology,Central,205.768,184.5891,21.1789
2014-05,Technology,East,1799.97,1559.974,239.996
2014-05,Technology,South,479.984,389.98699999999997,89.997
2014-05,Technology,West,1711.37,1537.3292000000001,174.0408
2014-06,Furniture,Central,2332.339,2001.5725,330.7665
2014-06,Furniture,East,1416.252,1779.7894,-363.5374
2014-06,Furniture,South,1633.8519999999999,1369.0819999999999,264.77
2014-06,Furniture,West,2967.196,2644.8218,322.3742
2014-06,Office Supplies,Central,2824.9539999999997,1922.4229,902.5311
2014-06,Office Supplies,East,2291.8680000000004,2007.7577,284.1103
2014-06,Office Supplies,South,428.881,297.5746,131.3064
2014-06,Office Supplies,West,328.15200000000004,214.62310000000002,113.5289
2014-06,Technology,Central,71.976,60.979200000000006,10.996799999999999
2014-06,Technology,South,1121.8999999999999,825.4066,296.49339999999995
2014-06,Technology,West,1818.576,1659.504,159.072
2014-07,Furniture,Central,512.358,526.9967999999999,-14.6388
2014-07,Furniture,East,1284.126,1042.2776000000001,241.84840000000003
2014-07,Furniture,South,232.73600000000002,211.3768,21.3592
2014-07,Furniture,West,1922.289,1958.9334,-36.6444
2014-07,Office Supplies,Central,614.952,659.4664,-44.514399999999995
2014-07,Office Supplies,East,264.58,142.5794,122.0006
2014-07,Office Supplies,South,90.862,66.209,24.653000000000002
2014-07,Office Supplies,West,997.2460000000001,694.5896,302.6564
2014-07,Technology,Central,599.808,553.3324,46.4756
2014-07,Technology,East,996.7919999999999,696.6021,300.18989999999997
2014-07,Technology,South,1055.8899999999999,820.7102,235.1798
2014-07,Technology,West,255.936,227.1432,28.7928
2014-08,Furniture,Central,543.11,478.54640000000006,64.5636
2014-08,Furniture,East,1133.35,838.6789999999999,294.671
2014-08,Furniture,South,199.584,195.22159999999997,4.362399999999999
2014-08,Furniture,West,1105.82,1120.6508,-14.830799999999982
2014-08,Office Supplies,Central,1070.955,777.5604,293.39459999999997
2014-08,Office Supplies,East,1202.54,849.1197999999999,353.4202
2014-08,Office Supplies,South,487.176,398.6022,88.5738
2014-08,Office Supplies,West,4699.853,3238.3989,1461.4541
2014-08,Technology,Central,871.1700000000001,503.06460000000004,368.10540000000003
2014-08,Technology,East,591.39,365.95889999999997,225.43110000000001
2014-08,Technology,South,672.832,488.02819999999997,184.8038
2014-08,Technology,West,4274.904,3683.5721,591.3319
2014-09,Furniture,Central,4419.545,4073.7173,345.82769999999994
2014-09,Furniture,East,5190.058,4436.0359,754.0221
2014-09,Furniture,South,31.984,29.985000000000003,1.999
2014-09,Furniture,West,2632.79,2328.1993,304.59069999999997
2014-09,Office Supplies,Central,2053.558,2860.9409,-807.3829
2014-09,Office Supplies,East,2212.08,1830.6008,381.4792
2014-09,Office Supplies,South,2025.828,1133.9355,891.8925
2014-09,Office Supplies,West,1145.836,899.8157,246.0203
2014-09,Technology,Central,9985.272,11257.2969,-1272.0249
2014-09,Technology,East,1437.1019999999999,1831.7866,-394.68459999999993
2014-09,Technology,South,1642.026,2078.397,-436.371
2014-09,Technology,West,49.98,41.483399999999996,8.4966
2014-10,Furniture,Central,290.055,379.22489999999993,-89.1699
2014-10,Furniture,East,719.3299999999999,704.7669999999999,14.562999999999999
2014-10,Furniture,South,8.92,4.9952000000000005,3.9248
2014-10,Furniture,West,932.046,943.4098,-11.363800000000007
2014-10,Office Supplies,Central,570.39,520.3299,50.060100000000006
2014-10,Office Supplies,East,871.824,743.9601,127.8639
2014-10,Office Supplies,South,163.838,124.2515,39.5865
2014-10,Office Supplies,West,677.836,435.5682,242.2678
2014-10,Technology,Central,1475.896,1337.7557000000002,138.1403
2014-10,Technology,East,244.482,319.43999999999994,-74.958
2014-10,Technology,South,23.472,18.4842,4.9878
2014-10,Technology,West,1025.998,805.9162,220.0818
2014-11,Furniture,Central,2149.1332,2121.2135,27.919699999999995
2014-11,Furniture,East,1201.622,1382.6750000000002,-181.053
2014-11,Furniture,South,1505.288,1815.3703999999998,-310.0824
2014-11,Furniture,West,2290.486,2178.0348,112.4512
2014-11,Office Supplies,Central,3127.66,4205.1859,-1077.5258999999999
2014-11,Office Supplies,East,2720.752,2437.5163,283.2357
2014-11,Office Supplies,South,446.557,340.322,106.235
2014-11,Office Supplies,West,4163.8,3039.7824,1124.0176000000001
2014-11,Technology,Central,775.8979999999999,670.9902,104.90780000000001
2014-11,Technology,East,6112.052000000001,3794.6202,2317.4318
2014-11,Technology,South,1826.55,1460.2059,366.3441
2014-11,Technology,West,6283.484,5442.9715,840.5125
2014-12,Furniture,Central,3829.92,3363.683,466.237
2014-12,Furniture,East,2157.988,2211.7758,-53.78779999999999
2014-12,Furniture,West,6090.8825,5887.6079,203.27460000000002
2014-12,Office Supplies,Central,717.446,1099.5432,-382.09720000000004
2014-12,Office Supplies,East,1060.876,794.989,265.887
2014-12,Office Supplies,South,211.0,127.0752,83.9248
2014-12,Office Supplies,West,3627.966,2811.9451,816.0209
2014-12,Technology,Central,923.744,719.7237,204.0203
2014-12,Technology,East,2598.282,2192.4825,405.7995
2014-12,Technology,South,101.918,91.4882,10.4298
2014-12,Technology,West,324.568,260.01099999999997,64.557
2015-01,Furniture,Central,1352.3976,1789.938,-437.5404
2015-01,Furniture,East,1470.554,2088.1818000000003,-617.6278
2015-01,Furniture,South,192.22,123.0208,69.1992
2015-01,Furniture,West,61.584,68.5122,-6.9282
2015-01,Office Supplies,Central,89.664,49.76820000000001,39.895799999999994
2015-01,Office Supplies,East,704.796,510.6032,194.1928
2015-01,Office Supplies,South,364.07,232.9903,131.0797
2015-01,Office Supplies,West,175.058,126.0274,49.0306
2015-01,Technology,Central,398.4,313.74,84.66
2015-01,Technology,East,1719.632,2739.9458,-1020.3137999999999
2015-02,Furniture,Central,69.184,88.696,-19.512
2015-02,Furniture,East,1643.6219999999998,1279.686,363.936
2015-02,Furniture,West,340.84,276.823,64.017
2015-02,Office Supplies,Central,734.8919999999999,844.2912999999999,-109.39930000000001
2015-02,Office Supplies,East,82.91999999999999,73.4352,9.4848
2015-02,Office Supplies,South,575.26,371.25509999999997,204.0049
2015-02,Office Supplies,West,17.424,11.7942,5.6298
2015-02,Technology,Central,669.25,517.3688,151.8812
2015-02,Technology,East,107.982,134.9775,-26.9955
2015-03,Furniture,Central,2979.6603999999998,2648.7219999999998,330.9384
2015-03,Furniture,East,516.547,465.1653,51.3817
2015-03,Furniture,South,37.288,31.9862,5.3018
2015-03,Furniture,West,1407.542,1167.1880999999998,240.3539
2015-03,Office Supplies,Central,512.43,927.0377,-414.60769999999997
2015-03,Office Supplies,East,807.828,644.2444,163.5836
2015-03,Office Supplies,South,77.056,43.678200000000004,33.3778
2015-03,Office Supplies,West,3.408,2.5134,0.8946
2015-03,Technology,Central,1395.03,1075.6194,319.4106
2015-03,Technology,East,1184.29,1055.5653,128.7247
2015-03,Technology,West,1135.9679999999998,756.7746,379.1934
2015-04,Furniture,East,1015.5699999999999,1270.298,-254.728
2015-04,Furniture,South,121.888,97.4704,24.4176
2015-04,Furniture,West,1262.136,1186.7853,75.35069999999999
2015-04,Office Supplies,Central,1233.836,2414.3034000000002,-1180.4674
2015-04,Office Supplies,East,1810.47,1409.7193,400.7507
2015-04,Office Supplies,South,205.746,305.27779999999996,-99.53179999999999
2015-04,Office Supplies,West,130.172,94.72739999999999,35.4446
2015-04,Technology,Central,1118.4660000000001,854.408,264.058
2015-04,Technology,East,163.968,131.5201,32.447900000000004
2015-04,Technology,West,1039.684,740.0844999999999,299.59950000000003
2015-05,Furniture,Central,412.222,457.2798,-45.0578
2015-05,Furniture,East,1086.472,1057.0504,29.4216
2015-05,Furniture,South,63.552,49.2528,14.2992
2015-05,Furniture,West,857.848,734.51,123.33800000000001
2015-05,Office Supplies,Central,430.36,511.11409999999995,-80.7541
2015-05,Office Supplies,East,638.46,577.7834,60.6766
2015-05,Office Supplies,South,308.57,248.19150000000002,60.378499999999995
2015-05,Office Supplies,West,277.648,182.44420000000002,95.2038
2015-05,Technology,Central,2101.842,1794.2049000000002,307.63710000000003
2015-05,Technology,East,2827.496,1812.8607000000002,1014.6353
2015-05,Technology,West,676.984,526.264,150.72
2015-06,Furniture,East,1601.214,1415.7071999999998,185.5068
2015-06,Furniture,South,1374.96,1494.0399,-119.07990000000001
2015-06,Furniture,West,355.36,262.9664,92.3936
2015-06,Office Supplies,Central,671.766,848.5286000000001,-176.7626
2015-06,Office Supplies,East,133.324,108.81060000000001,24.5134
2015-06,Office Supplies,South,2848.748,2748.3734,100.3746
2015-06,Office Supplies,West,35.92,21.0012,14.918800000000001
2015-06,Technology,Central,344.25600000000003,247.78710000000004,96.4689
2015-06,Technology,South,431.868,394.4357,37.4323
2015-06,Technology,West,1250.326,809.5705,440.7555
2015-07,Furniture,Central,1181.905,1288.1533,-106.24829999999999
2015-07,Furniture,East,1961.52,1854.0076,107.5124
2015-07,Furniture,South,240.676,188.275,52.401
2015-07,Furniture,West,170.352,187.3872,-17.0352
2015-07,Office Supplies,Central,645.648,780.4677,-134.81969999999998
2015-07,Office Supplies,East,1550.9579999999999,1012.0331,538.9249
2015-07,Office Supplies,South,358.892,204.4051,154.48690000000002
2015-07,Office Supplies,West,194.45600000000002,128.3907,66.06530000000001
2015-07,Technology,Central,2752.32,2315.7176,436.6024
2015-07,Technology,East,1610.702,1162.9742,447.7278
2015-07,Technology,South,74.24,65.88799999999999,8.352
2015-08,Furniture,Central,1906.7492,1813.0782,93.67099999999999
2015-08,Furniture,East,557.006,668.88,-111.874
2015-08,Furniture,South,46.152,34.0371,12.1149
2015-08,Furniture,West,1427.26,1780.972,-353.712
2015-08,Office Supplies,Central,375.83,273.921,101.90899999999999
2015-08,Office Supplies,East,2364.178,1467.9883,896.1897
2015-08,Office Supplies,South,29.668,16.2194,13.4486
2015-08,Office Supplies,West,182.904,149.8401,33.0639
2015-08,Technology,East,2082.55,1533.0043,549.5457
2015-08,Technology,South,494.97,346.47900000000004,148.491
2015-08,Technology,West,1136.712,1087.9622,48.7498
2015-09,Furniture,Central,233.562,235.21139999999997,-1.6494
2015-09,Furniture,East,1547.014,1440.7969,106.21710000000002
2015-09,Furniture,South,175.3,132.5956,42.7044
2015-09,Furniture,West,1395.391,1232.6918,162.6992
2015-09,Office Supplies,Central,149.14000000000001,168.9324,-19.792399999999997
2015-09,Office Supplies,East,4139.223,3344.6499,794.5731
2015-09,Office Supplies,South,698.564,456.6585999999999,241.90540000000001
2015-09,Office Supplies,West,1702.998,1496.1909999999998,206.807
2015-09,Technology,Central,134.376,127.6572,6.7188
2015-09,Technology,East,2380.338,2134.8419,245.4961
2015-09,Technology,South,619.95,508.35900000000004,111.591
2015-09,Technology,West,1175.634,762.9996000000001,412.63439999999997
2015-10,Furniture,Central,462.75,498.6132,-35.8632
2015-10,Furniture,East,1835.5919999999999,1699.3228,136.26919999999998
2015-10,Furniture,South,1350.5175,1690.3251,-339.8076
2015-10,Furniture,West,997.196,1085.7098,-88.5138
2015-10,Office Supplies,Central,384.281,295.10560000000004,89.1754
2015-10,Office Supplies,East,463.164,307.939,155.225
2015-10,Office Supplies,South,1987.7220000000002,2300.0762,-312.3542
2015-10,Office Supplies,West,728.918,547.4732,181.4448
2015-10,Technology,Central,1157.558,928.235,229.32299999999998
2015-10,Technology,East,1550.674,1048.1511,502.5229
2015-10,Technology,West,1147.6999999999998,1048.424,99.276
2015-11,Furniture,Central,1118.5600000000002,975.0314000000002,143.5286
2015-11,Furniture,East,10682.018,8456.6166,2225.4013999999997
2015-11,Furniture,South,1370.268,1312.2452999999998,58.0227
2015-11,Furniture,West,1948.309,1842.0363,106.2727
2015-11,Office Supplies,Central,3679.184,2977.3704,701.8136
2015-11,Office Supplies,East,1162.568,1025.4789,137.0891
2015-11,Office Supplies,South,2382.7599999999998,3264.4791000000005,-881.7191000000001
2015-11,Office Supplies,West,522.793,344.101,178.692
2015-11,Technology,Central,1446.564,1022.6519000000001,423.9121
2015-11,Technology,East,10416.76,6142.7299,4274.0301
2015-11,Technology,South,326.99199999999996,258.1008,68.8912
2015-11,Technology,West,2322.518,1984.0594999999998,338.4585
2015-12,Furniture,Central,1000.6080000000001,771.4975999999999,229.11040000000003
2015-12,Furniture,East,2033.94,1743.5902,290.3498
2015-12,Furniture,South,459.29600000000005,364.6886,94.6074
2015-12,Furniture,West,8402.753,7831.742200000001,571.0108
2015-12,Office Supplies,Central,864.09,667.8369,196.25310000000005
2015-12,Office Supplies,East,1580.204,1029.3383,550.8657000000001
2015-12,Office Supplies,South,2264.286,3207.135,-942.849
2015-12,Office Supplies,West,3894.872,3030.7765,864.0955
2015-12,Technology,Central,3321.9120000000003,2574.3098,747.6021999999999
2015-12,Technology,East,6247.070000000001,5499.7673,747.3027
2015-12,Technology,South,381.464,300.3754,81.0886
2015-12,Technology,West,962.556,754.9908,207.5652
2016-01,Furniture,Central,3181.806,2435.2113,746.5947000000001
2016-01,Furniture,East,244.1,193.10500000000002,50.995000000000005
2016-01,Furniture,West,104.77000000000001,62.700900000000004,42.0691
2016-01,Office Supplies,Central,143.85,79.5885,64.2615
2016-01,Office Supplies,East,188.11599999999999,241.69039999999998,-53.5744
2016-01,Office Supplies,South,83.69200000000001,101.81200000000001,-18.120000000000005
2016-01,Office Supplies,West,149.04,110.3968,38.6432
2016-01,Technology,Central,376.64,374.54200000000003,2.097999999999999
2016-01,Technology,East,247.56799999999998,190.1662,57.401799999999994
2016-01,Technology,South,1319.408,1142.6672,176.74079999999998
2016-01,Technology,West,797.858,523.8557999999999,274.0022
2016-02,Furniture,Central,315.284,392.7572,-77.4732
2016-02,Furniture,South,1276.134,1001.9938,274.1402
2016-02,Furniture,West,572.096,561.1732,10.922799999999999
2016-02,Office Supplies,East,148.31199999999998,131.7908,16.5212
2016-02,Office Supplies,South,2693.73,1999.8582,693.8718
2016-02,Office Supplies,West,399.80999999999995,289.9665,109.8435
2016-02,Technology,Central,69.93,69.23070000000001,0.6993
2016-02,Technology,East,90.48,66.9552,23.5248
2016-02,Technology,South,10567.606000000002,7465.3594,3102.2466
2016-02,Technology,West,905.758,848.0163,57.741699999999994
2016-03,Furniture,Central,1506.346,1984.3586,-478.0126
2016-03,Furniture,East,1756.2179999999998,1932.1,-175.882
2016-03,Furniture,South,179.28,151.5813,27.6987
2016-03,Furniture,West,805.632,716.6016,89.0304
2016-03,Office Supplies,Central,4700.278,5257.8659,-557.5879
2016-03,Office Supplies,East,1204.333,712.5698,491.7632
2016-03,Office Supplies,South,504.35999999999996,369.468,134.892
2016-03,Office Supplies,West,1053.628,963.5102999999999,90.1177
2016-03,Technology,Central,991.468,852.2460000000001,139.222
2016-03,Technology,East,6388.356000000001,3814.6572,2573.6988
2016-03,Technology,South,1363.96,1278.7125,85.2475
2016-03,Technology,West,7703.3460000000005,6942.6111,760.7349
2016-04,Furniture,Central,1622.0040000000001,1225.7964000000002,396.2076
2016-04,Furniture,East,2447.582,2005.8391999999997,441.7428
2016-04,Furniture,South,865.78,666.3109999999999,199.469
2016-04,Furniture,West,1414.005,1465.4374,-51.4324
2016-04,Office Supplies,Central,1276.2799999999997,3104.5080000000003,-1828.228
2016-04,Office Supplies,East,2526.4,2465.6074,60.79260000000001
2016-04,Office Supplies,South,398.348,325.13800000000003,73.21
2016-04,Office Supplies,West,1192.41,959.1162,233.2938
2016-04,Technology,Central,1222.778,898.2941999999999,324.4838
2016-04,Technology,East,1538.6219999999998,1182.7842,355.83779999999996
2016-04,Technology,South,149.97,143.9712,5.9988
2016-04,Technology,West,1199.976,824.9835,374.9925
2016-05,Furniture,Central,366.744,476.7672,-110.0232
2016-05,Furniture,East,1062.364,818.7366999999999,243.6273
2016-05,Furniture,South,574.396,701.432,-127.036
2016-05,Furniture,West,2097.344,1757.1906000000001,340.15340000000003
2016-05,Office Supplies,Central,1257.524,1363.1663,-105.6423
2016-05,Office Supplies,East,1813.436,1622.3019,191.1341
2016-05,Office Supplies,South,372.80600000000004,220.7464,152.0596
2016-05,Office Supplies,West,149.918,84.2603,65.65769999999999
2016-05,Technology,Central,45.312,46.6704,-1.3583999999999998
2016-05,Technology,East,6423.393,5260.5693,1162.8237
2016-05,Technology,South,177.48,157.5135,19.9665
2016-05,Technology,West,460.148,378.6511,81.4969
2016-06,Furniture,Central,1704.477,2148.8542,-444.3772
2016-06,Furniture,East,793.904,714.6742,79.2298
2016-06,Furniture,West,2431.832,2603.0409,-171.2089
2016-06,Office Supplies,Central,539.812,570.2844,-30.47240000000001
2016-06,Office Supplies,East,2001.776,1453.069,548.707
2016-06,Office Supplies,South,449.49,278.8066,170.6834
2016-06,Office Supplies,West,700.86,417.5837,283.2763
2016-06,Technology,Central,1368.187,1285.0738999999999,83.1131
2016-06,Technology,East,1657.86,1201.6779,456.1821
2016-06,Technology,South,1225.8600000000001,1043.6637,182.1963
2016-06,Technology,West,4095.9379999999996,3551.6227,544.3153
2016-07,Furniture,Central,842.0899999999999,883.698,-41.608000000000004
2016-07,Furniture,East,573.286,485.8764,87.40960000000001
2016-07,Furniture,West,2691.647,2284.8262,406.8208
2016-07,Office Supplies,Central,607.688,597.5325,10.155499999999998
2016-07,Office Supplies,East,974.545,693.1941,281.3509
2016-07,Office Supplies,South,154.768,100.7318,54.036199999999994
2016-07,Office Supplies,West,342.288,319.369,22.919000000000004
2016-07,Technology,Central,863.64,755.685,107.955
2016-07,Technology,East,432.825,758.8473,-326.0223
2016-07,Technology,South,823.96,772.4625000000001,51.4975
2016-07,Technology,West,4753.110000000001,3312.5444,1440.5656
2016-08,Furniture,East,374.22400000000005,445.414,-71.19
2016-08,Furniture,South,672.0925,881.564,-209.4715
2016-08,Furniture,West,649.488,621.3102,28.177799999999998
2016-08,Office Supplies,Central,339.148,201.2484,137.8996
2016-08,Office Supplies,East,1737.5520000000001,1399.3369999999998,338.21500000000003
2016-08,Office Supplies,South,885.9699999999999,746.6457999999999,139.32420000000002
2016-08,Office Supplies,West,594.4,422.908,171.49200000000002
2016-08,Technology,Central,1567.224,1491.3068999999998,75.9171
2016-08,Technology,South,44.784,40.3056,4.4784
2016-08,Technology,West,2066.826,1807.391,259.435
2016-09,Furniture,Central,4318.9436000000005,5160.7842,-841.8406000000001
2016-09,Furniture,East,2777.0229999999997,2588.5349,188.48809999999997
2016-09,Furniture,South,3227.178,2738.9912999999997,488.1867
2016-09,Furniture,West,1673.096,1542.4761999999998,130.6198
2016-09,Office Supplies,Central,2510.678,2184.9802999999997,325.69770000000005
2016-09,Office Supplies,East,6539.469,5570.648999999999,968.8199999999999
2016-09,Office Supplies,South,1542.679,1264.8194,277.8596
2016-09,Office Supplies,West,1688.342,1209.3836000000001,478.9584
2016-09,Technology,Central,3481.428,3140.3242,341.1038
2016-09,Technology,East,1657.346,1604.4537,52.89230000000001
2016-09,Technology,South,3296.9320000000002,2165.8942,1131.0378
2016-09,Technology,West,8501.43,6364.0697,2137.3603000000003
2016-10,Furniture,Central,145.642,202.893,-57.251
2016-10,Furniture,East,1502.084,1573.4662,-71.38219999999998
2016-10,Furniture,South,11.568,8.9652,2.6028
2016-10,Furniture,West,1491.218,1553.3512,-62.133200000000016
2016-10,Office Supplies,Central,1078.992,669.8757,409.11629999999997
2016-10,Office Supplies,East,235.004,162.18739999999997,72.8166
2016-10,Office Supplies,South,448.78700000000003,523.2036,-74.4166
2016-10,Office Supplies,West,391.764,360.3586,31.4054
2016-10,Technology,Central,17649.362,9209.6411,8439.7209
2016-10,Technology,East,5423.8859999999995,2847.5135999999998,2576.3723999999997
2016-10,Technology,South,52.68,32.925,19.755
2016-10,Technology,West,1625.262,2502.871,-877.6089999999999
2016-11,Furniture,Central,5070.6848,5261.455,-190.7702
2016-11,Furniture,East,4325.3369999999995,4334.832,-9.495000000000001
2016-11,Furniture,South,4062.048,3791.0386,271.00939999999997
2016-11,Furniture,West,4924.582,4681.6887,242.8933
2016-11,Office Supplies,Central,1241.742,902.3734,339.3686
2016-11,Office Supplies,East,1532.1319999999998,1250.475,281.657
2016-11,Office Supplies,South,1378.056,1173.3338999999999,204.7221
2016-11,Office Supplies,West,4574.26,2939.7998,1634.4602
2016-11,Technology,Central,1095.944,845.7667,250.1773
2016-11,Technology,East,2038.672,1642.6174,396.0546
2016-11,Technology,South,111.77,86.7723,24.9977
2016-11,Technology,West,2696.9610000000002,2408.692,288.269
2016-12,Furniture,Central,6431.8,5458.9082,972.8918000000001
2016-12,Furniture,East,3473.1769999999997,3514.2223,-41.04530000000002
2016-12,Furniture,South,1328.654,1124.639,204.015
2016-12,Furniture,West,4451.138,4327.021,124.117
2016-12,Office Supplies,Central,595.395,417.2871,178.1079
2016-12,Office Supplies,East,8642.294,6212.5658,2429.7282
2016-12,Office Supplies,South,2878.736,2071.6922000000004,807.0437999999999
2016-12,Office Supplies,West,5982.942,4342.9474,1639.9946
2016-12,Technology,Central,2494.764,2048.155,446.609
2016-12,Technology,East,2919.896,2162.7942000000003,757.1018
2016-12,Technology,South,2188.794,1848.9704,339.8236
2016-12,Technology,West,4129.516,3228.6351,900.8809
2017-01,Furniture,Central,1365.594,1749.2477,-383.65369999999996
2017-01,Furniture,East,86.576,62.193599999999996,24.3824
2017-01,Furniture,West,1367.41,1087.7812,279.6288
2017-01,Office Supplies,Central,1676.638,2975.0208000000002,-1298.3828
2017-01,Office Supplies,East,314.57099999999997,524.0751,-209.5041
2017-01,Office Supplies,South,81.062,101.1948,-20.1328
2017-01,Office Supplies,West,2412.852,1622.9932000000001,789.8588000000001
2017-01,Technology,Central,3059.982,2379.986,679.996
2017-01,Technology,South,695.7,723.528,-27.828
2017-01,Technology,West,16.59,10.7835,5.8065
2017-02,Furniture,Central,26.183999999999997,54.9582,-28.7742
2017-02,Furniture,East,388.352,361.9432,26.4088
2017-02,Furniture,South,359.97,280.77660000000003,79.1934
2017-02,Furniture,West,1485.079,1311.4171999999999,173.6618
2017-02,Office Supplies,Central,1007.0559999999999,1710.525,-703.469
2017-02,Office Supplies,East,513.2710000000001,400.058,113.21300000000001
2017-02,Office Supplies,South,119.17800000000001,81.4124,37.7656
2017-02,Office Supplies,West,2263.636,1699.9325000000001,563.7035000000001
2017-02,Technology,Central,127.984,111.98599999999999,15.998
2017-02,Technology,East,287.43,233.4606,53.96939999999999
2017-02,Technology,West,699.96,611.4347,88.52529999999999
2017-03,Furniture,Central,1217.888,1421.8054000000002,-203.9174
2017-03,Furniture,East,745.982,650.4319,95.5501
2017-03,Furniture,West,570.024,602.0469,-32.0229
2017-03,Office Supplies,Central,1512.492,920.0347999999999,592.4572
2017-03,Office Supplies,East,408.76,286.48720000000003,122.2728
2017-03,Office Supplies,South,1382.906,961.8678000000001,421.0382
2017-03,Office Supplies,West,985.644,681.124,304.52
2017-03,Technology,Central,99.98,56.988600000000005,42.9914
2017-03,Technology,East,1049.632,1188.0834,-138.4514
2017-03,Technology,South,299.97,173.98260000000005,125.9874
2017-03,Technology,West,2724.464,2041.6660000000002,682.798
2017-04,Furniture,Central,580.8599999999999,429.83639999999997,151.0236
2017-04,Furniture,East,62.144,48.0848,14.0592
2017-04,Furniture,South,1939.2485000000001,2199.2842,-260.0357
2017-04,Furniture,West,507.774,416.0694,91.7046
2017-04,Office Supplies,Central,735.9480000000001,440.3014,295.6466
2017-04,Office Supplies,East,4398.682,3481.1434,917.5386
2017-04,Office Supplies,South,3074.019,1727.7603999999997,1346.2586000000001
2017-04,Office Supplies,West,609.63,341.8375,267.7925
2017-04,Technology,Central,479.57599999999996,411.2520999999999,68.3239
2017-04,Technology,East,287.35,205.6452,81.7048
2017-04,Technology,South,1221.136,1085.7764,135.3596
2017-04,Technology,West,4999.934,4617.9407,381.99330000000003
2017-05,Furniture,Central,2593.5508,2170.0714000000003,423.4794
2017-05,Furniture,East,754.748,856.9082000000001,-102.16019999999999
2017-05,Furniture,South,4258.534,4706.5234,-447.9894
2017-05,Furniture,West,1173.2040000000002,1619.4676000000002,-446.2636
2017-05,Office Supplies,Central,1167.7359999999999,1292.0874000000001,-124.35140000000001
2017-05,Office Supplies,East,349.235,321.8365,27.398500000000002
2017-05,Office Supplies,South,982.849,748.2811,234.5679
2017-05,Office Supplies,West,2310.398,1870.874,439.524
2017-05,Technology,Central,600.712,495.2773,105.43469999999999
2017-05,Technology,East,87.4,52.440000000000005,34.96
2017-05,Technology,South,676.068,587.4186,88.6494
2017-05,Technology,West,4403.386,3104.3877000000007,1298.9983
2017-06,Furniture,Central,2097.973,1669.3093000000001,428.6637
2017-06,Furniture,East,1243.008,1215.3984,27.609599999999986
2017-06,Furniture,South,778.748,698.0688,80.6792
2017-06,Furniture,West,2471.993,2282.1434,189.84959999999998
2017-06,Office Supplies,Central,3381.906,2484.073,897.8330000000001
2017-06,Office Supplies,East,615.796,604.3182,11.477800000000002
2017-06,Office Supplies,South,1722.13,1490.7298,231.40019999999998
2017-06,Office Supplies,West,1194.382,1102.3567,92.02529999999999
2017-06,Technology,Central,1108.3319999999999,941.7497,166.5823
2017-06,Technology,East,303.926,283.5247,20.401299999999996
2017-06,Technology,South,892.3359999999999,823.4604999999999,68.8755
2017-06,Technology,West,2077.826,1533.2103,544.6157
2017-07,Furniture,Central,858.4780000000001,1175.5204,-317.0424
2017-07,Furniture,East,528.558,636.2276,-107.6696
2017-07,Furniture,South,282.07,244.7155,37.3545
2017-07,Furniture,West,1157.576,835.4666,322.1094
2017-07,Office Supplies,Central,1772.292,1626.6695,145.6225
2017-07,Office Supplies,East,996.0699999999999,684.3448,311.72520000000003
2017-07,Office Supplies,South,51.461999999999996,39.0132,12.448799999999999
2017-07,Office Supplies,West,1356.834,805.9732,550.8608
2017-07,Technology,Central,845.06,709.9222,135.1378
2017-07,Technology,East,2272.064,1958.7767000000001,313.28729999999996
2017-07,Technology,South,311.97,236.9181,75.0519
2017-07,Technology,West,5560.374,4318.5616,1241.8123999999998
2017-08,Furniture,Central,304.672,315.8734,-11.2014
2017-08,Furniture,East,1779.9,1406.121,373.779
2017-08,Furniture,South,161.14000000000001,130.42960000000002,30.7104
2017-08,Furniture,West,437.81399999999996,365.4634,72.3506
2017-08,Office Supplies,Central,982.1899999999999,716.6164,265.5736
2017-08,Office Supplies,East,718.98,503.6236,215.35639999999998
2017-08,Office Supplies,South,512.006,278.7642,233.24179999999998
2017-08,Office Supplies,West,3107.462,2126.3529,981.1091
2017-08,Technology,Central,3447.044,3270.0618999999997,176.98210000000003
2017-08,Technology,East,824.95,577.465,247.485
2017-08,Technology,South,351.952,312.95669999999996,38.9953
2017-08,Technology,West,1641.164,1441.5809000000002,199.5831
2017-09,Furniture,Central,3079.563,3814.4245,-734.8615
2017-09,Furniture,East,2175.521,2058.2516,117.26940000000003
2017-09,Furniture,South,145.824,129.471,16.353
2017-09,Furniture,West,7502.074,7002.0023,500.07169999999996
2017-09,Office Supplies,Central,3748.88,4089.3961,-340.5161000000001
2017-09,Office Supplies,East,1994.923,1278.5319,716.3910999999999
2017-09,Office Supplies,South,3586.0280000000002,2571.9898000000003,1014.0382
2017-09,Office Supplies,West,4526.845,3198.9629,1327.8821
2017-09,Technology,Central,4359.062,2938.0222,1421.0398
2017-09,Technology,East,3682.882,3861.5288,-178.64679999999998
2017-09,Technology,South,247.94400000000002,235.2057,12.7383
2017-09,Technology,West,1801.368,1466.3198,335.0482
2017-10,Furniture,Central,1624.855,2140.0606,-515.2056
2017-10,Furniture,East,3700.01,3600.6936,99.31640000000002
2017-10,Furniture,South,2520.264,3546.8793,-1026.6153
2017-10,Furniture,West,2030.318,2445.2631,-414.9451
2017-10,Office Supplies,Central,2558.02,1646.3047,911.7153000000001
2017-10,Office Supplies,East,827.898,616.0863,211.8117
2017-10,Office Supplies,South,784.65,775.1533000000001,9.496699999999983
2017-10,Office Supplies,West,3041.71,2397.6381,644.0719
2017-10,Technology,Central,1201.408,1046.5111,154.8969
2017-10,Technology,East,7956.5,5585.943700000001,2370.5563
2017-10,Technology,South,222.384,205.7052,16.6788
2017-10,Technology,West,3366.0660000000003,2757.1164,608.9496
2017-11,Furniture,Central,395.368,860.3892,-465.02119999999996
2017-11,Furniture,East,1676.132,1689.2842,-13.152200000000036
2017-11,Furniture,South,1632.868,1510.3285999999998,122.53940000000003
2017-11,Furniture,West,9883.28,9330.466699999999,552.8132999999999
2017-11,Office Supplies,Central,1915.656,1711.0557000000001,204.6003
2017-11,Office Supplies,East,5186.319,3933.6403,1252.6787
2017-11,Office Supplies,South,2391.752,2198.0766999999996,193.6753
2017-11,Office Supplies,West,2963.692,2166.8268000000003,796.8652
2017-11,Technology,Central,640.728,565.038,75.69
2017-11,Technology,East,3476.1020000000003,3170.7638,305.3382
2017-11,Technology,South,13862.258,16673.8691,-2811.6111
2017-11,Technology,West,3323.63,2855.2973,468.3327
2017-12,Furniture,Central,2280.154,2134.6628,145.49120000000002
2017-12,Furniture,East,3284.826,2944.4751,340.35089999999997
2017-12,Furniture,South,1604.863,1832.9902000000002,-228.12719999999996
2017-12,Furniture,West,9734.726,9593.2635,141.46249999999998
2017-12,Office Supplies,Central,4313.646,7388.712600000001,-3075.0666
2017-12,Office Supplies,East,4234.164,3703.5276,530.6364
2017-12,Office Supplies,South,920.636,745.0881,175.5479
2017-12,Office Supplies,West,4255.012,3173.608,1081.404
2017-12,Technology,Central,3873.1820000000002,2756.8378,1116.3442
2017-12,Technology,East,2324.436,1918.5522,405.88379999999995
2017-12,Technology,South,3007.9300000000003,2329.378,678.552
2017-12,Technology,West,3683.5499999999997,2986.9787,696.5713000000001
